{
    "time": 1.0,
    "floating_species_concentrations": {
        "plasminogen": 4.2507797871322344e+16,
        "plasmin": 66039405775206.95,
        "single intact chain urokinase-type plasminogen activator": 1.0867914452361614e+16,
        "two-chain urokinase-type plasminogen activator": 5449219859.160596,
        "x": 0.0,
        "x-plasmin": 0.0
    }
}