{
    "time": 1.0,
    "floating_species_concentrations": {
        "plasminogen": 1.1006416709124331e+17,
        "plasmin": 954942269714531.5,
        "single intact chain urokinase-type plasminogen activator": 2.068272373546138e+16,
        "two-chain urokinase-type plasminogen activator": 8564459038338.47,
        "x": 0.0,
        "x-plasmin": 0.0
    }
}