{
    "time": 1.0,
    "floating_species_concentrations": {
        "plasminogen": 7.854092121579162e+16,
        "plasmin": 385055014384815.2,
        "single intact chain urokinase-type plasminogen activator": 1.7271780088766276e+16,
        "two-chain urokinase-type plasminogen activator": 674966792207.501,
        "x": 0.0,
        "x-plasmin": 0.0
    }
}