{
    "time": 1.0,
    "floating_species_concentrations": {
        "plasminogen": 9.432413878000709e+16,
        "plasmin": 634748007615589.4,
        "single intact chain urokinase-type plasminogen activator": 1.9213955426189824e+16,
        "two-chain urokinase-type plasminogen activator": 2710141209616.8037,
        "x": 0.0,
        "x-plasmin": 0.0
    }
}