{
    "time": 1.0,
    "floating_species_concentrations": {
        "plasminogen": 2.268695887341466e+16,
        "plasmin": 9784956821647.486,
        "single intact chain urokinase-type plasminogen activator": 6046472716713216.0,
        "two-chain urokinase-type plasminogen activator": 30951110.745329924,
        "x": 0.0,
        "x-plasmin": 0.0
    }
}