{
    "time": 1.0,
    "floating_species_concentrations": {
        "plasminogen": 1.1239097324622766e+17,
        "plasmin": 1008325815661103.5,
        "single intact chain urokinase-type plasminogen activator": 2.0862589399976036e+16,
        "two-chain urokinase-type plasminogen activator": 9994642943903.172,
        "x": 0.0,
        "x-plasmin": 0.0
    }
}