{
    "time": 1.0,
    "floating_species_concentrations": {
        "plasminogen": 9.992895339731323e+16,
        "plasmin": 740595641978327.6,
        "single intact chain urokinase-type plasminogen activator": 1.9788517687484172e+16,
        "two-chain urokinase-type plasminogen activator": 4177500710282.3076,
        "x": 0.0,
        "x-plasmin": 0.0
    }
}