{
    "time": 1.0,
    "floating_species_concentrations": {
        "plasminogen": 5.14765607917421e+16,
        "plasmin": 115800924190317.06,
        "single intact chain urokinase-type plasminogen activator": 1.2735025928512822e+16,
        "two-chain urokinase-type plasminogen activator": 25075171286.012043,
        "x": 0.0,
        "x-plasmin": 0.0
    }
}