{
    "time": 1.0,
    "floating_species_concentrations": {
        "plasminogen": 1.0765733040150573e+17,
        "plasmin": 901365062839165.2,
        "single intact chain urokinase-type plasminogen activator": 2.0486833749828456e+16,
        "two-chain urokinase-type plasminogen activator": 7271838985928.353,
        "x": 0.0,
        "x-plasmin": 0.0
    }
}