{
    "time": 1.0,
    "floating_species_concentrations": {
        "plasminogen": 1.1464038118369742e+17,
        "plasmin": 1061422282081494.2,
        "single intact chain urokinase-type plasminogen activator": 2.1027707905216044e+16,
        "two-chain urokinase-type plasminogen activator": 11565196899893.963,
        "x": 0.0,
        "x-plasmin": 0.0
    }
}