{
    "time": 1.0,
    "floating_species_concentrations": {
        "plasminogen": 8.83280428838129e+16,
        "plasmin": 531507614449189.06,
        "single intact chain urokinase-type plasminogen activator": 1.8533608080431036e+16,
        "two-chain urokinase-type plasminogen activator": 1650948411200.6243,
        "x": 0.0,
        "x-plasmin": 0.0
    }
}