{
    "time": 1.0,
    "floating_species_concentrations": {
        "plasminogen": 4.250779787131652e+16,
        "plasmin": 66039405786440.68,
        "single intact chain urokinase-type plasminogen activator": 1.0867914452374496e+16,
        "two-chain urokinase-type plasminogen activator": 5449219797.13465,
        "x": 0.0,
        "x-plasmin": 0.0
    }
}