{
    "time": 1.0,
    "floating_species_concentrations": {
        "plasminogen": 9.137664333555603e+16,
        "plasmin": 582708332646034.8,
        "single intact chain urokinase-type plasminogen activator": 1.888812975387819e+16,
        "two-chain urokinase-type plasminogen activator": 2133678882428.09,
        "x": 0.0,
        "x-plasmin": 0.0
    }
}