{
    "time": 1.0,
    "floating_species_concentrations": {
        "plasminogen": 1.1758171177387002e+16,
        "plasmin": 1096150505274.0748,
        "single intact chain urokinase-type plasminogen activator": 2955755808974602.5,
        "two-chain urokinase-type plasminogen activator": 80249.33863284346,
        "x": 0.0,
        "x-plasmin": 0.0
    }
}