{
    "time": 1.0,
    "floating_species_concentrations": {
        "plasminogen": 1.1006416709200195e+17,
        "plasmin": 954942268899500.2,
        "single intact chain urokinase-type plasminogen activator": 2.0682723731953616e+16,
        "two-chain urokinase-type plasminogen activator": 8564459036248.382,
        "x": 0.0,
        "x-plasmin": 0.0
    }
}