{
    "time": 1.0,
    "floating_species_concentrations": {
        "plasminogen": 1.168149361201406e+17,
        "plasmin": 1114149873547627.1,
        "single intact chain urokinase-type plasminogen activator": 2.1179254220640844e+16,
        "two-chain urokinase-type plasminogen activator": 13278018746156.03,
        "x": 0.0,
        "x-plasmin": 0.0
    }
}