{
    "time": 1.0,
    "floating_species_concentrations": {
        "plasminogen": 9.432413878088067e+16,
        "plasmin": 634748007235409.5,
        "single intact chain urokinase-type plasminogen activator": 1.921395542771437e+16,
        "two-chain urokinase-type plasminogen activator": 2710141180419.905,
        "x": 0.0,
        "x-plasmin": 0.0
    }
}