{
    "time": 1.0,
    "floating_species_concentrations": {
        "plasminogen": 5.986698976511994e+16,
        "plasmin": 179080237855760.78,
        "single intact chain urokinase-type plasminogen activator": 1.4313355089538698e+16,
        "two-chain urokinase-type plasminogen activator": 82362503755.86557,
        "x": 0.0,
        "x-plasmin": 0.0
    }
}