{
    "time": 1.0,
    "floating_species_concentrations": {
        "plasminogen": 6.771443970180146e+16,
        "plasmin": 254255104800117.22,
        "single intact chain urokinase-type plasminogen activator": 1.5647517350427894e+16,
        "two-chain urokinase-type plasminogen activator": 215137578660.8035,
        "x": 0.0,
        "x-plasmin": 0.0
    }
}