{
    "time": 1.0,
    "floating_species_concentrations": {
        "plasminogen": 1.051677411726834e+17,
        "plasmin": 847699999750799.1,
        "single intact chain urokinase-type plasminogen activator": 2.027353103256108e+16,
        "two-chain urokinase-type plasminogen activator": 6113054108211.07,
        "x": 0.0,
        "x-plasmin": 0.0
    }
}