{
    "time": 1.0,
    "floating_species_concentrations": {
        "plasminogen": 8.832804288366646e+16,
        "plasmin": 531507616824590.8,
        "single intact chain urokinase-type plasminogen activator": 1.8533608099538932e+16,
        "two-chain urokinase-type plasminogen activator": 1650948273149.5454,
        "x": 0.0,
        "x-plasmin": 0.0
    }
}