{
    "time": 1.0,
    "floating_species_concentrations": {
        "plasminogen": 4.706673909036679e+16,
        "plasmin": 89149811273205.81,
        "single intact chain urokinase-type plasminogen activator": 1.1840659857224688e+16,
        "two-chain urokinase-type plasminogen activator": 12309508198.907099,
        "x": 0.0,
        "x-plasmin": 0.0
    }
}