{
    "time": 1.0,
    "floating_species_concentrations": {
        "plasminogen": 6.385643828780008e+16,
        "plasmin": 215297618745438.06,
        "single intact chain urokinase-type plasminogen activator": 1.5008452360485696e+16,
        "two-chain urokinase-type plasminogen activator": 136340540392.76553,
        "x": 0.0,
        "x-plasmin": 0.0
    }
}