{
    "time": 1.0,
    "floating_species_concentrations": {
        "plasminogen": 1.025925851622633e+17,
        "plasmin": 794065982931030.9,
        "single intact chain urokinase-type plasminogen activator": 2.0041306096399616e+16,
        "two-chain urokinase-type plasminogen activator": 5083456316696.485,
        "x": 0.0,
        "x-plasmin": 0.0
    }
}