{
    "time": 1.0,
    "floating_species_concentrations": {
        "plasminogen": 2.2686958873413864e+16,
        "plasmin": 9784956821646.791,
        "single intact chain urokinase-type plasminogen activator": 6046472716713487.0,
        "two-chain urokinase-type plasminogen activator": 30951110.735147566,
        "x": 0.0,
        "x-plasmin": 0.0
    }
}