{
    "time": 1.0,
    "floating_species_concentrations": {
        "plasminogen": 1.123909732463097e+17,
        "plasmin": 1008325815081805.5,
        "single intact chain urokinase-type plasminogen activator": 2.0862589395902004e+16,
        "two-chain urokinase-type plasminogen activator": 9994642959111.277,
        "x": 0.0,
        "x-plasmin": 0.0
    }
}