{
    "time": 1.0,
    "floating_species_concentrations": {
        "plasminogen": 4.250779787132134e+16,
        "plasmin": 66039405775194.016,
        "single intact chain urokinase-type plasminogen activator": 1.0867914452361732e+16,
        "two-chain urokinase-type plasminogen activator": 5449219859.236865,
        "x": 0.0,
        "x-plasmin": 0.0
    }
}