{
    "time": 1.0,
    "floating_species_concentrations": {
        "plasminogen": 6.7714439701787096e+16,
        "plasmin": 254255104876364.22,
        "single intact chain urokinase-type plasminogen activator": 1.5647517350856104e+16,
        "two-chain urokinase-type plasminogen activator": 215137576688.11383,
        "x": 0.0,
        "x-plasmin": 0.0
    }
}