{
    "time": 1.0,
    "floating_species_concentrations": {
        "plasminogen": 9.99289533965032e+16,
        "plasmin": 740595642290804.9,
        "single intact chain urokinase-type plasminogen activator": 1.978851768619372e+16,
        "two-chain urokinase-type plasminogen activator": 4177500736704.295,
        "x": 0.0,
        "x-plasmin": 0.0
    }
}