{
    "time": 1.0,
    "floating_species_concentrations": {
        "plasminogen": 6.3856438287800984e+16,
        "plasmin": 215297618745438.78,
        "single intact chain urokinase-type plasminogen activator": 1.5008452360485492e+16,
        "two-chain urokinase-type plasminogen activator": 136340540392.75003,
        "x": 0.0,
        "x-plasmin": 0.0
    }
}