{
    "time": 1.0,
    "floating_species_concentrations": {
        "plasminogen": 6.385643828779605e+16,
        "plasmin": 215297618752996.3,
        "single intact chain urokinase-type plasminogen activator": 1.50084523604943e+16,
        "two-chain urokinase-type plasminogen activator": 136340540366.77916,
        "x": 0.0,
        "x-plasmin": 0.0
    }
}