{
    "time": 1.0,
    "floating_species_concentrations": {
        "plasminogen": 3.292391650905938e+16,
        "plasmin": 30761002685508.22,
        "single intact chain urokinase-type plasminogen activator": 8659221476338996.0,
        "two-chain urokinase-type plasminogen activator": 687289532.5081686,
        "x": 0.0,
        "x-plasmin": 0.0
    }
}