{
    "time": 1.0,
    "floating_species_concentrations": {
        "plasminogen": 1.100641670918206e+17,
        "plasmin": 954942268115595.2,
        "single intact chain urokinase-type plasminogen activator": 2.06827237256962e+16,
        "two-chain urokinase-type plasminogen activator": 8564459067459.251,
        "x": 0.0,
        "x-plasmin": 0.0
    }
}