{
    "time": 1.0,
    "floating_species_concentrations": {
        "plasminogen": 4.706673909035202e+16,
        "plasmin": 89149811273478.11,
        "single intact chain urokinase-type plasminogen activator": 1.1840659857216688e+16,
        "two-chain urokinase-type plasminogen activator": 12309508198.861677,
        "x": 0.0,
        "x-plasmin": 0.0
    }
}