{
    "time": 1.0,
    "floating_species_concentrations": {
        "plasminogen": 8.191375883427144e+16,
        "plasmin": 432456353788769.9,
        "single intact chain urokinase-type plasminogen activator": 1.772827115042845e+16,
        "two-chain urokinase-type plasminogen activator": 930822975497.703,
        "x": 0.0,
        "x-plasmin": 0.0
    }
}