{
    "time": 1.0,
    "floating_species_concentrations": {
        "plasminogen": 7.854092121601701e+16,
        "plasmin": 385055012523173.0,
        "single intact chain urokinase-type plasminogen activator": 1.7271780074917604e+16,
        "two-chain urokinase-type plasminogen activator": 674966893253.175,
        "x": 0.0,
        "x-plasmin": 0.0
    }
}