{
    "time": 1.0,
    "floating_species_concentrations": {
        "plasminogen": 2.268695887341549e+16,
        "plasmin": 9784956821640.902,
        "single intact chain urokinase-type plasminogen activator": 6046472716713241.0,
        "two-chain urokinase-type plasminogen activator": 30951110.752428494,
        "x": 0.0,
        "x-plasmin": 0.0
    }
}