{
    "time": 1.0,
    "floating_species_concentrations": {
        "plasminogen": 8.517492203868317e+16,
        "plasmin": 481350827860980.8,
        "single intact chain urokinase-type plasminogen activator": 1.8147893793301932e+16,
        "two-chain urokinase-type plasminogen activator": 1253055451220.2341,
        "x": 0.0,
        "x-plasmin": 0.0
    }
}