{
    "time": 1.0,
    "floating_species_concentrations": {
        "plasminogen": 8.51749220384627e+16,
        "plasmin": 481350826971045.25,
        "single intact chain urokinase-type plasminogen activator": 1.814789378393415e+16,
        "two-chain urokinase-type plasminogen activator": 1253055528628.6829,
        "x": 0.0,
        "x-plasmin": 0.0
    }
}