{
    "time": 1.0,
    "floating_species_concentrations": {
        "plasminogen": 9.717383977825446e+16,
        "plasmin": 687435835609262.6,
        "single intact chain urokinase-type plasminogen activator": 1.9513381103160864e+16,
        "two-chain urokinase-type plasminogen activator": 3388789764375.0713,
        "x": 0.0,
        "x-plasmin": 0.0
    }
}