{
    "time": 1.0,
    "floating_species_concentrations": {
        "plasminogen": 1.0259258516148266e+17,
        "plasmin": 794065983214252.8,
        "single intact chain urokinase-type plasminogen activator": 2.004130609521053e+16,
        "two-chain urokinase-type plasminogen activator": 5083456341882.849,
        "x": 0.0,
        "x-plasmin": 0.0
    }
}