{
    "time": 1.0,
    "floating_species_concentrations": {
        "plasminogen": 7.85409212156025e+16,
        "plasmin": 385055014066749.25,
        "single intact chain urokinase-type plasminogen activator": 1.7271780084513588e+16,
        "two-chain urokinase-type plasminogen activator": 674966836435.2162,
        "x": 0.0,
        "x-plasmin": 0.0
    }
}