{
    "time": 1.0,
    "floating_species_concentrations": {
        "plasminogen": 7.505267173181496e+16,
        "plasmin": 339387657052738.94,
        "single intact chain urokinase-type plasminogen activator": 1.677520762025974e+16,
        "two-chain urokinase-type plasminogen activator": 476282328661.0851,
        "x": 0.0,
        "x-plasmin": 0.0
    }
}