{
    "time": 1.0,
    "floating_species_concentrations": {
        "plasminogen": 1.1464038118305003e+17,
        "plasmin": 1061422283533673.1,
        "single intact chain urokinase-type plasminogen activator": 2.1027707913456212e+16,
        "two-chain urokinase-type plasminogen activator": 11565196890141.541,
        "x": 0.0,
        "x-plasmin": 0.0
    }
}