{
    "time": 1.0,
    "floating_species_concentrations": {
        "plasminogen": 7.144516311870495e+16,
        "plasmin": 295703164170434.5,
        "single intact chain urokinase-type plasminogen activator": 1.6235055424126686e+16,
        "two-chain urokinase-type plasminogen activator": 325833159642.1757,
        "x": 0.0,
        "x-plasmin": 0.0
    }
}