{
    "time": 1.0,
    "floating_species_concentrations": {
        "plasminogen": 5.147656079175555e+16,
        "plasmin": 115800924190088.61,
        "single intact chain urokinase-type plasminogen activator": 1.2735025928520384e+16,
        "two-chain urokinase-type plasminogen activator": 25075171286.124306,
        "x": 0.0,
        "x-plasmin": 0.0
    }
}