{
    "time": 1.0,
    "floating_species_concentrations": {
        "plasminogen": 1.1239097324684171e+17,
        "plasmin": 1008325814137492.5,
        "single intact chain urokinase-type plasminogen activator": 2.086258939100529e+16,
        "two-chain urokinase-type plasminogen activator": 9994642962989.371,
        "x": 0.0,
        "x-plasmin": 0.0
    }
}