{
    "time": 1.0,
    "floating_species_concentrations": {
        "plasminogen": 9.137664333591266e+16,
        "plasmin": 582708331204134.5,
        "single intact chain urokinase-type plasminogen activator": 1.8888129744225932e+16,
        "two-chain urokinase-type plasminogen activator": 2133678942161.1296,
        "x": 0.0,
        "x-plasmin": 0.0
    }
}