{
    "time": 1.0,
    "floating_species_concentrations": {
        "plasminogen": 9.992895339653854e+16,
        "plasmin": 740595643009630.5,
        "single intact chain urokinase-type plasminogen activator": 1.9788517692339084e+16,
        "two-chain urokinase-type plasminogen activator": 4177500695526.863,
        "x": 0.0,
        "x-plasmin": 0.0
    }
}