{
    "time": 1.0,
    "floating_species_concentrations": {
        "plasminogen": 1.0516774117317611e+17,
        "plasmin": 847699997988712.0,
        "single intact chain urokinase-type plasminogen activator": 2.0273531020992504e+16,
        "two-chain urokinase-type plasminogen activator": 6113054159621.316,
        "x": 0.0,
        "x-plasmin": 0.0
    }
}