{
    "time": 1.0,
    "floating_species_concentrations": {
        "plasminogen": 3.7795095609181e+16,
        "plasmin": 46567302681538.734,
        "single intact chain urokinase-type plasminogen activator": 9809924318429806.0,
        "two-chain urokinase-type plasminogen activator": 2113013380.963427,
        "x": 0.0,
        "x-plasmin": 0.0
    }
}