{
    "time": 1.0,
    "floating_species_concentrations": {
        "plasminogen": 1.1681493612021149e+17,
        "plasmin": 1114149874243808.5,
        "single intact chain urokinase-type plasminogen activator": 2.11792542254933e+16,
        "two-chain urokinase-type plasminogen activator": 13278018732991.906,
        "x": 0.0,
        "x-plasmin": 0.0
    }
}