{
    "time": 1.0,
    "floating_species_concentrations": {
        "plasminogen": 8.517492203875176e+16,
        "plasmin": 481350825362251.9,
        "single intact chain urokinase-type plasminogen activator": 1.8147893772513976e+16,
        "two-chain urokinase-type plasminogen activator": 1253055607165.2722,
        "x": 0.0,
        "x-plasmin": 0.0
    }
}