{
    "time": 1.0,
    "floating_species_concentrations": {
        "plasminogen": 7.1445163118724376e+16,
        "plasmin": 295703164092024.7,
        "single intact chain urokinase-type plasminogen activator": 1.6235055423724832e+16,
        "two-chain urokinase-type plasminogen activator": 325833161383.0957,
        "x": 0.0,
        "x-plasmin": 0.0
    }
}