{
    "time": 1.0,
    "floating_species_concentrations": {
        "plasminogen": 2.7889481084018784e+16,
        "plasmin": 18558439541153.36,
        "single intact chain urokinase-type plasminogen activator": 7407682778865091.0,
        "two-chain urokinase-type plasminogen activator": 175042198.94913608,
        "x": 0.0,
        "x-plasmin": 0.0
    }
}