{
    "time": 1.0,
    "floating_species_concentrations": {
        "plasminogen": 5.574182152050501e+16,
        "plasmin": 145841467074548.06,
        "single intact chain urokinase-type plasminogen activator": 1.3557323855377322e+16,
        "two-chain urokinase-type plasminogen activator": 47015162093.10012,
        "x": 0.0,
        "x-plasmin": 0.0
    }
}