{
    "time": 1.0,
    "floating_species_concentrations": {
        "plasminogen": 6.7714439701787944e+16,
        "plasmin": 254255104876365.1,
        "single intact chain urokinase-type plasminogen activator": 1.5647517350855912e+16,
        "two-chain urokinase-type plasminogen activator": 215137576688.10364,
        "x": 0.0,
        "x-plasmin": 0.0
    }
}