{
    "time": 1.0,
    "floating_species_concentrations": {
        "plasminogen": 1.1681493611958448e+17,
        "plasmin": 1114149874400163.1,
        "single intact chain urokinase-type plasminogen activator": 2.1179254224771136e+16,
        "two-chain urokinase-type plasminogen activator": 13278018752034.541,
        "x": 0.0,
        "x-plasmin": 0.0
    }
}