{
    "time": 1.0,
    "floating_species_concentrations": {
        "plasminogen": 8.191375883381933e+16,
        "plasmin": 432456352612456.25,
        "single intact chain urokinase-type plasminogen activator": 1.7728271136626422e+16,
        "two-chain urokinase-type plasminogen activator": 930823100721.2874,
        "x": 0.0,
        "x-plasmin": 0.0
    }
}