{
    "time": 1.0,
    "floating_species_concentrations": {
        "plasminogen": 1.175817117738715e+16,
        "plasmin": 1096150505279.3541,
        "single intact chain urokinase-type plasminogen activator": 2955755808974659.0,
        "two-chain urokinase-type plasminogen activator": 80249.31811609745,
        "x": 0.0,
        "x-plasmin": 0.0
    }
}