{
    "time": 1.0,
    "floating_species_concentrations": {
        "plasminogen": 1.0765733040204266e+17,
        "plasmin": 901365061160812.9,
        "single intact chain urokinase-type plasminogen activator": 2.0486833739199336e+16,
        "two-chain urokinase-type plasminogen activator": 7271839025813.728,
        "x": 0.0,
        "x-plasmin": 0.0
    }
}