{
    "time": 1.0,
    "floating_species_concentrations": {
        "plasminogen": 1.1006416709130312e+17,
        "plasmin": 954942269110012.9,
        "single intact chain urokinase-type plasminogen activator": 2.06827237310271e+16,
        "two-chain urokinase-type plasminogen activator": 8564459058127.706,
        "x": 0.0,
        "x-plasmin": 0.0
    }
}