{
    "time": 1.0,
    "floating_species_concentrations": {
        "plasminogen": 9.432413878039368e+16,
        "plasmin": 634748006249735.1,
        "single intact chain urokinase-type plasminogen activator": 1.92139554173191e+16,
        "two-chain urokinase-type plasminogen activator": 2710141260730.3037,
        "x": 0.0,
        "x-plasmin": 0.0
    }
}