{
    "time": 1.0,
    "floating_species_concentrations": {
        "plasminogen": 7.85409212160007e+16,
        "plasmin": 385055012586171.4,
        "single intact chain urokinase-type plasminogen activator": 1.7271780075250048e+16,
        "two-chain urokinase-type plasminogen activator": 674966891944.4807,
        "x": 0.0,
        "x-plasmin": 0.0
    }
}