{
    "time": 1.0,
    "floating_species_concentrations": {
        "plasminogen": 6.385643828778796e+16,
        "plasmin": 215297618745477.84,
        "single intact chain urokinase-type plasminogen activator": 1.5008452360479614e+16,
        "two-chain urokinase-type plasminogen activator": 136340540392.93147,
        "x": 0.0,
        "x-plasmin": 0.0
    }
}