{
    "time": 1.0,
    "floating_species_concentrations": {
        "plasminogen": 7.505267173181958e+16,
        "plasmin": 339387657046354.44,
        "single intact chain urokinase-type plasminogen activator": 1.677520762025202e+16,
        "two-chain urokinase-type plasminogen activator": 476282328652.6262,
        "x": 0.0,
        "x-plasmin": 0.0
    }
}