{
    "time": 1.0,
    "floating_species_concentrations": {
        "plasminogen": 1.076573304015414e+17,
        "plasmin": 901365062208376.2,
        "single intact chain urokinase-type plasminogen activator": 2.0486833745002412e+16,
        "two-chain urokinase-type plasminogen activator": 7271839010625.639,
        "x": 0.0,
        "x-plasmin": 0.0
    }
}