{
    "time": 1.0,
    "floating_species_concentrations": {
        "plasminogen": 2.788948108401787e+16,
        "plasmin": 18558439541157.832,
        "single intact chain urokinase-type plasminogen activator": 7407682778865866.0,
        "two-chain urokinase-type plasminogen activator": 175042198.93962955,
        "x": 0.0,
        "x-plasmin": 0.0
    }
}