{
    "time": 1.0,
    "floating_species_concentrations": {
        "plasminogen": 5.147656079175656e+16,
        "plasmin": 115800924190099.58,
        "single intact chain urokinase-type plasminogen activator": 1.2735025928520176e+16,
        "two-chain urokinase-type plasminogen activator": 25075171286.06717,
        "x": 0.0,
        "x-plasmin": 0.0
    }
}