{
    "time": 1.0,
    "floating_species_concentrations": {
        "plasminogen": 2.26869588734145e+16,
        "plasmin": 9784956821643.105,
        "single intact chain urokinase-type plasminogen activator": 6046472716713519.0,
        "two-chain urokinase-type plasminogen activator": 30951110.75217968,
        "x": 0.0,
        "x-plasmin": 0.0
    }
}