{
    "time": 1.0,
    "floating_species_concentrations": {
        "plasminogen": 1.7311483609242474e+16,
        "plasmin": 4126180180911.6797,
        "single intact chain urokinase-type plasminogen activator": 4565981193830574.0,
        "two-chain urokinase-type plasminogen activator": 2976560.3735450646,
        "x": 0.0,
        "x-plasmin": 0.0
    }
}