{
    "time": 1.0,
    "floating_species_concentrations": {
        "plasminogen": 5.986698976512833e+16,
        "plasmin": 179080237863876.06,
        "single intact chain urokinase-type plasminogen activator": 1.431335508955467e+16,
        "two-chain urokinase-type plasminogen activator": 82362503722.15492,
        "x": 0.0,
        "x-plasmin": 0.0
    }
}