{
    "time": 1.0,
    "floating_species_concentrations": {
        "plasminogen": 1.1758171177387156e+16,
        "plasmin": 1096150505276.2488,
        "single intact chain urokinase-type plasminogen activator": 2955755808974604.5,
        "two-chain urokinase-type plasminogen activator": 80249.33014731409,
        "x": 0.0,
        "x-plasmin": 0.0
    }
}