{
    "time": 1.0,
    "floating_species_concentrations": {
        "plasminogen": 8.191375883383446e+16,
        "plasmin": 432456355241889.0,
        "single intact chain urokinase-type plasminogen activator": 1.7728271159241366e+16,
        "two-chain urokinase-type plasminogen activator": 930822925754.784,
        "x": 0.0,
        "x-plasmin": 0.0
    }
}