{
    "time": 1.0,
    "floating_species_concentrations": {
        "plasminogen": 3.779509560917984e+16,
        "plasmin": 46567302681526.89,
        "single intact chain urokinase-type plasminogen activator": 9809924318430118.0,
        "two-chain urokinase-type plasminogen activator": 2113013381.0482898,
        "x": 0.0,
        "x-plasmin": 0.0
    }
}