{
    "time": 1.0,
    "floating_species_concentrations": {
        "plasminogen": 6.771443970178316e+16,
        "plasmin": 254255104883339.06,
        "single intact chain urokinase-type plasminogen activator": 1.5647517350863992e+16,
        "two-chain urokinase-type plasminogen activator": 215137576669.7852,
        "x": 0.0,
        "x-plasmin": 0.0
    }
}