{
    "time": 1.0,
    "floating_species_concentrations": {
        "plasminogen": 4.706673909036128e+16,
        "plasmin": 89149811283558.0,
        "single intact chain urokinase-type plasminogen activator": 1.1840659857236564e+16,
        "two-chain urokinase-type plasminogen activator": 12309508143.886963,
        "x": 0.0,
        "x-plasmin": 0.0
    }
}