{
    "time": 1.0,
    "floating_species_concentrations": {
        "plasminogen": 9.717383977782714e+16,
        "plasmin": 687435834659681.5,
        "single intact chain urokinase-type plasminogen activator": 1.9513381093606176e+16,
        "two-chain urokinase-type plasminogen activator": 3388789835133.086,
        "x": 0.0,
        "x-plasmin": 0.0
    }
}