{
    "time": 1.0,
    "floating_species_concentrations": {
        "plasminogen": 5.14765607917512e+16,
        "plasmin": 115800924199644.38,
        "single intact chain urokinase-type plasminogen activator": 1.2735025928531142e+16,
        "two-chain urokinase-type plasminogen activator": 25075171238.211555,
        "x": 0.0,
        "x-plasmin": 0.0
    }
}