{
    "time": 1.0,
    "floating_species_concentrations": {
        "plasminogen": 1.0516774117269307e+17,
        "plasmin": 847699999092658.2,
        "single intact chain urokinase-type plasminogen activator": 2.0273531027309036e+16,
        "two-chain urokinase-type plasminogen activator": 6113054138158.692,
        "x": 0.0,
        "x-plasmin": 0.0
    }
}