{
    "results": {
        "floating_species_concentrations": {
            "T": [
                0.0,
                6.299322095779684e+20,
                6.589261280593098e+20,
                6.892545520199003e+20,
                7.209789047532627e+20,
                7.54163436666159e+20,
                7.888753553994528e+20,
                8.251849619403908e+20,
                8.631657929609198e+20,
                9.028949054784826e+20,
                9.44452777850933e+20,
                9.879237577919735e+20,
                1.0333949829215061e+21,
                1.0809591120294731e+21,
                1.1307124759561045e+21,
                1.182755838542504e+21,
                1.2371946011565558e+21,
                1.2941390163697169e+21,
                1.353704411254099e+21,
                1.4160114209363366e+21,
                1.4811862328938212e+21,
                1.5493608425423338e+21,
                1.620673320477493e+21,
                1.6952680921287714e+21,
                1.7732962302209035e+21,
                1.854915760714328e+21,
                1.940291982812496e+21,
                2.0295978037199716e+21,
                2.123014088795361e+21,
                2.2207300277733347e+21,
                2.3229435179163383e+21,
                2.429861564750658e+21,
                2.5417007012572336e+21,
                2.6586874263483953e+21,
                2.7810586635242156e+21,
                2.9090622406387827e+21,
                3.042957391731596e+21,
                3.183015281970347e+21,
                3.3295195567294555e+21,
                3.4827669159488976e+21,
                3.643067714901443e+21
            ],
            "E": [
                0.0,
                6.007827780841133e+20,
                5.995034046685892e+20,
                5.983813209836576e+20,
                5.974221513649175e+20,
                5.966317910882444e+20,
                5.960164187500897e+20,
                5.955825092185685e+20,
                5.953368471773908e+20,
                5.952865538710503e+20,
                5.954390783887974e+20,
                5.95802239553189e+20,
                5.963841260277044e+20,
                5.971933503230099e+20,
                5.982388776862739e+20,
                5.995300971309247e+20,
                6.010768409048184e+20,
                6.028894048299702e+20,
                6.04978569558604e+20,
                6.0735562280622e+20,
                6.100323826079037e+20,
                6.130212216504265e+20,
                6.163350927140152e+20,
                6.199875552969433e+20,
                6.23992803459889e+20,
                6.283656949543164e+20,
                6.331217816907921e+20,
                6.382773416125843e+20,
                6.43849412035549e+20,
                6.498558245187251e+20,
                6.563152413478432e+20,
                6.632471936937427e+20,
                6.706721215288307e+20,
                6.786114153807206e+20,
                6.870874600082149e+20,
                6.961236800882434e+20,
                7.057445880047908e+20,
                7.15975833839482e+20,
                7.268442576614459e+20,
                7.38377944225497e+20,
                7.506062801861098e+20
            ],
            "I": [
                0.0,
                4.946045714752396e+19,
                4.0889582626806083e+18,
                3.6591953712157786e+17,
                6.165403009770167e+16,
                3.808651045110392e+16,
                3.763268488033212e+16,
                3.915329927041339e+16,
                4.091805778775523e+16,
                4.279018207373362e+16,
                4.476410489954128e+16,
                4.6845464846250536e+16,
                4.9041265195493256e+16,
                5.1359160781794376e+16,
                5.3807421252572216e+16,
                5.639496189397319e+16,
                5.91314083285764e+16,
                6.202715874746418e+16,
                6.509345151767727e+16,
                6.83424389134117e+16,
                7.178726756668879e+16,
                7.544216626607394e+16,
                7.932254178827099e+16,
                8.34450834934808e+16,
                8.782787751852931e+16,
                9.249053144013611e+16,
                9.745431039108794e+16,
                1.0274228568941142e+17,
                1.0837949713815904e+17,
                1.1439313027712138e+17,
                1.2081270995958291e+17,
                1.276703117858137e+17,
                1.3500079304257477e+17,
                1.4284204496616062e+17,
                1.512352683071362e+17,
                1.6022527436306666e+17,
                1.698608138479768e+17,
                1.8019493617710736e+17,
                1.9128538200361622e+17,
                2.0319501208352624e+17,
                2.1599227585094493e+17
            ]
        },
        "time": [
            0.0,
            0.25,
            0.5,
            0.75,
            1.0,
            1.25,
            1.5,
            1.75,
            2.0,
            2.25,
            2.5,
            2.75,
            3.0,
            3.25,
            3.5,
            3.75,
            4.0,
            4.25,
            4.5,
            4.75,
            5.0,
            5.25,
            5.5,
            5.75,
            6.0,
            6.25,
            6.5,
            6.75,
            7.0,
            7.25,
            7.5,
            7.75,
            8.0,
            8.25,
            8.5,
            8.75,
            9.0,
            9.25,
            9.5,
            9.75,
            10.0
        ]
    }
}